duration,protocol_type,service,flag,src_bytes,dst_bytes,wrong_fragment,urgent,hot,num_failed_logins,num_compromised,num_root,count,srv_count,serror_rate,rerror_rate,same_srv_rate,diff_srv_rate,dst_host_count,dst_host_srv_count,attack_type
0.0,tcp,private,S0,512.0,0,0,0,0,0,0,0,205,410,0.86,0.0,0.86,0.01,255,78,DoS
0.41,tcp,http,S0,0.0,0,0,0,0,0,0,0,133,7,0.78,0.72,0.18,0.84,221,17,PortScan
0.0,tcp,http,S0,1024.0,0,1,0,0,0,0,0,304,347,0.96,0.03,0.87,0.08,255,65,DoS
0.0,tcp,http,S0,0.0,0,0,0,0,0,0,0,445,467,0.87,0.02,0.95,0.01,255,239,DoS
0.0,icmp,http,S0,1024.0,0,0,0,0,0,0,0,190,200,0.8,0.16,0.86,0.02,255,161,DoS
0.4,tcp,private,RSTO,40.0,0,0,0,0,0,0,0,285,9,0.78,0.65,0.11,0.7,253,2,PortScan
0.0,tcp,http,REJ,64.0,0,1,0,0,0,0,0,250,217,0.84,0.19,0.99,0.1,255,231,DoS
94.44,tcp,other,SF,129.0,335,0,0,0,0,0,0,32,13,0.24,0.28,0.49,0.25,255,13,Botnet
0.0,udp,http,S0,64.0,0,1,0,0,0,0,0,258,239,0.89,0.01,0.95,0.06,255,92,DoS
0.0,icmp,http,S0,0.0,0,3,0,0,0,0,0,507,393,0.99,0.05,0.98,0.06,255,182,DoS
0.0,tcp,other,S0,64.0,0,0,0,0,0,0,0,320,200,0.87,0.14,0.97,0.05,255,10,DoS
0.0,tcp,http,S0,64.0,0,0,0,0,0,0,0,267,388,0.88,0.0,0.93,0.09,255,54,DoS
0.0,tcp,http,S0,0.0,0,0,0,0,0,0,0,256,436,0.82,0.09,1.0,0.01,255,151,DoS
0.0,tcp,other,S0,64.0,0,0,0,0,0,0,0,249,475,0.97,0.08,0.92,0.04,255,124,DoS
0.0,icmp,other,SF,64.0,0,3,0,0,0,0,0,306,220,0.97,0.19,0.98,0.04,255,180,DoS
0.0,icmp,private,REJ,1024.0,0,3,0,0,0,0,0,442,174,0.91,0.2,0.87,0.02,255,148,DoS
2.94,udp,http,SF,986.0,6881,0,0,0,0,0,0,5,26,0.01,0.0,0.82,0.01,25,191,Normal
33.8,tcp,other,SF,245.0,195,0,0,0,0,0,0,129,10,0.09,0.29,0.48,0.3,255,42,Botnet
0.0,tcp,private,S0,0.0,0,0,0,0,0,0,0,326,189,0.79,0.16,0.85,0.09,255,206,DoS
0.0,udp,other,S0,1024.0,0,0,0,0,0,0,0,366,421,0.97,0.2,0.91,0.06,255,87,DoS
0.0,icmp,private,S0,0.0,0,0,0,0,0,0,0,496,386,0.94,0.14,0.91,0.08,255,160,DoS
0.0,tcp,http,S0,0.0,0,1,0,0,0,0,0,176,219,0.79,0.07,0.85,0.05,255,147,DoS
0.0,tcp,private,S0,1024.0,0,0,0,0,0,0,0,280,486,0.98,0.06,0.87,0.07,255,138,DoS
0.0,tcp,other,REJ,1024.0,0,1,0,0,0,0,0,286,187,0.85,0.18,0.86,0.03,255,156,DoS
0.0,icmp,private,S0,64.0,0,0,0,0,0,0,0,315,354,0.89,0.13,0.93,0.08,255,176,DoS
0.0,icmp,other,S0,64.0,0,0,0,0,0,0,0,445,458,0.93,0.12,1.0,0.04,255,102,DoS
0.0,tcp,private,RSTO,40.0,0,0,0,0,0,0,0,66,9,0.75,1.0,0.18,0.93,236,8,PortScan
0.0,icmp,http,REJ,64.0,0,0,0,0,0,0,0,471,235,0.99,0.08,0.98,0.07,255,244,DoS
0.68,tcp,http,SF,554.0,9142,0,0,0,0,0,0,23,32,0.28,0.0,1.0,0.08,46,181,Normal
87.89,udp,private,SF,159.0,351,0,0,0,0,0,0,118,40,0.23,0.22,0.74,0.57,255,31,Botnet
0.0,tcp,http,S0,0.0,0,0,0,0,0,0,0,211,195,0.79,0.0,0.89,0.07,255,87,DoS
0.0,tcp,private,SF,0.0,0,0,0,0,0,0,0,263,203,0.81,0.11,0.92,0.04,255,10,DoS
0.0,tcp,private,S0,64.0,0,0,0,0,0,0,0,176,411,0.92,0.01,0.98,0.07,255,76,DoS
0.0,tcp,other,S0,1024.0,0,0,0,0,0,0,0,466,357,0.94,0.02,0.93,0.05,255,201,DoS
0.0,tcp,private,REJ,64.0,0,0,0,0,0,0,0,321,320,0.84,0.11,0.94,0.07,255,64,DoS
0.0,udp,private,S0,64.0,0,0,0,0,0,0,0,301,247,0.9,0.09,0.94,0.08,255,230,DoS
0.0,tcp,other,S0,1024.0,0,0,0,0,0,0,0,453,309,0.78,0.15,0.92,0.03,255,122,DoS
0.0,tcp,http,REJ,1024.0,0,0,0,0,0,0,0,307,283,0.82,0.13,0.9,0.08,255,128,DoS
0.0,tcp,http,S0,1024.0,0,0,0,0,0,0,0,177,398,0.81,0.2,0.98,0.09,255,76,DoS
0.0,tcp,http,S0,512.0,0,1,0,0,0,0,0,440,500,0.77,0.19,0.98,0.03,255,49,DoS
0.0,tcp,private,S0,64.0,0,0,0,0,0,0,0,430,279,0.76,0.17,0.97,0.0,255,130,DoS
0.0,tcp,http,S0,512.0,0,0,0,0,0,0,0,180,156,0.81,0.19,0.9,0.07,255,40,DoS
0.0,tcp,http,S0,1024.0,0,0,0,0,0,0,0,187,175,0.97,0.18,0.99,0.08,255,174,DoS
0.0,tcp,http,S0,1024.0,0,1,0,0,0,0,0,191,186,0.75,0.16,0.87,0.06,255,66,DoS
0.0,udp,http,S0,512.0,0,0,0,0,0,0,0,229,425,0.87,0.01,0.92,0.03,255,254,DoS
0.0,tcp,http,S0,0.0,0,0,0,0,0,0,0,288,456,0.89,0.07,0.97,0.06,255,44,DoS
0.0,tcp,other,S0,64.0,0,3,0,0,0,0,0,497,251,0.97,0.06,0.91,0.05,255,73,DoS
11.64,tcp,smtp,REJ,643.0,1088,0,0,5,3,1,0,24,53,0.01,0.01,0.97,0.01,20,131,BruteForce
0.0,tcp,other,S0,512.0,0,0,0,0,0,0,0,228,289,0.93,0.16,0.85,0.03,255,37,DoS
0.0,tcp,other,S0,512.0,0,0,0,0,0,0,0,430,174,0.81,0.16,0.93,0.06,255,29,DoS
0.0,tcp,private,SF,512.0,0,0,0,0,0,0,0,198,392,0.76,0.14,0.96,0.09,255,234,DoS
0.0,tcp,private,S0,0.0,0,0,0,0,0,0,0,295,463,0.84,0.02,0.97,0.01,255,137,DoS
0.0,tcp,http,S0,0.0,0,0,0,0,0,0,0,467,249,0.99,0.18,0.89,0.03,255,20,DoS
0.32,tcp,ssh,SF,2645.0,2317,0,0,0,0,0,0,9,23,0.0,0.0,0.98,0.06,5,91,Normal
0.0,icmp,http,S0,0.0,0,0,0,0,0,0,0,357,442,0.83,0.02,0.94,0.09,255,13,DoS
0.0,tcp,http,S0,64.0,0,0,0,0,0,0,0,177,463,0.83,0.08,0.86,0.01,255,44,DoS
12.49,tcp,ftp,SF,432.0,473,0,0,2,2,0,0,54,12,0.11,0.3,0.81,0.09,108,123,BruteForce
0.0,udp,http,S0,64.0,0,0,0,0,0,0,0,254,218,0.89,0.07,0.99,0.08,255,35,DoS
0.0,tcp,http,S0,,0,0,0,0,0,0,0,427,264,0.92,0.06,0.87,0.01,255,69,DoS
0.0,icmp,http,REJ,512.0,0,0,0,0,0,0,0,206,324,0.9,0.06,0.95,0.05,255,148,DoS
0.0,tcp,http,S0,1024.0,0,0,0,0,0,0,0,189,451,0.89,0.11,0.89,0.01,255,182,DoS
0.0,tcp,http,S0,512.0,0,0,0,0,0,0,0,429,469,0.95,0.17,0.93,0.09,255,154,DoS
1.6,tcp,ssh,SF,2088.0,4872,0,0,0,0,0,0,5,1,0.0,0.0,0.94,0.12,1,125,Normal
0.0,tcp,other,S0,64.0,0,0,0,0,0,0,0,171,253,0.98,0.01,0.86,0.08,255,68,DoS
47.83,tcp,dns,SF,254.0,365,0,0,1,0,0,0,70,41,0.09,0.0,0.59,0.28,255,23,Botnet
0.0,tcp,private,S0,512.0,0,1,0,0,0,0,0,496,421,0.88,0.15,0.88,0.07,255,215,DoS
0.0,tcp,private,S0,64.0,0,0,0,0,0,0,0,448,359,0.78,0.17,0.97,0.06,255,11,DoS
1.86,tcp,smtp,SF,2703.0,12217,0,0,0,0,0,0,20,28,0.0,0.0,0.92,0.06,34,169,Normal
0.0,tcp,other,S0,0.0,0,0,0,0,0,0,0,328,479,1.0,0.09,0.97,0.04,255,91,DoS
0.0,tcp,http,REJ,512.0,0,0,0,0,0,0,0,188,232,0.95,0.18,0.98,0.09,255,90,DoS
0.0,tcp,other,S0,0.0,0,0,0,0,0,0,0,249,181,0.81,0.09,0.98,0.08,255,204,DoS
0.0,tcp,private,S0,1024.0,0,0,0,0,0,0,0,156,384,0.76,0.15,0.91,0.07,255,94,DoS
0.0,tcp,http,S0,64.0,0,0,0,0,0,0,0,451,312,0.9,0.05,0.98,0.02,255,47,DoS
0.0,tcp,private,S0,64.0,0,0,0,0,0,0,0,318,448,0.81,0.14,0.88,0.1,255,129,DoS
0.0,tcp,http,S0,512.0,0,0,0,0,0,0,0,183,505,0.75,0.04,0.99,0.05,255,116,DoS
0.0,tcp,private,SF,64.0,0,1,0,0,0,0,0,152,174,0.87,0.2,0.87,0.02,255,175,DoS
0.0,udp,private,S0,0.0,0,3,0,0,0,0,0,222,343,0.85,0.13,0.96,0.03,255,34,DoS
10.11,tcp,ssh,SF,683.0,233,0,0,2,2,1,0,26,59,0.14,0.29,0.92,0.08,29,38,BruteForce
0.0,tcp,private,S0,64.0,0,0,0,0,0,0,0,207,413,0.99,0.13,0.96,0.0,255,145,DoS
0.0,tcp,private,S0,1024.0,0,0,0,0,0,0,0,236,238,0.79,0.07,0.98,0.0,255,181,DoS
93.93,udp,private,SF,378.0,383,0,0,0,0,0,0,58,40,0.29,0.23,0.7,0.42,255,24,Botnet
0.0,tcp,http,S0,64.0,0,0,0,0,0,0,0,287,444,0.89,0.19,0.87,0.04,255,151,DoS
23.48,tcp,private,S0,190.0,366,0,0,0,0,0,0,99,20,0.29,0.22,0.79,0.31,255,18,Botnet
86.01,tcp,other,S0,318.0,333,0,0,1,0,0,0,79,16,0.23,0.13,0.57,0.46,255,43,Botnet
0.0,tcp,private,S0,1024.0,0,3,0,0,0,0,0,309,155,0.86,0.01,0.91,0.05,255,224,DoS
0.0,tcp,private,REJ,64.0,0,0,0,0,0,0,0,485,271,0.88,0.02,0.88,0.07,255,124,DoS
0.0,tcp,http,REJ,1024.0,0,0,0,0,0,0,0,440,181,0.81,0.06,0.88,0.05,255,30,DoS
0.0,tcp,http,S0,64.0,0,0,0,0,0,0,0,404,172,0.96,0.01,0.93,0.01,255,153,DoS
0.0,tcp,private,S0,0.0,0,0,0,0,0,0,0,188,285,0.83,0.16,0.94,0.07,255,51,DoS
0.0,tcp,http,REJ,1024.0,0,0,0,0,0,0,0,317,474,0.98,0.02,0.9,0.04,255,48,DoS
0.0,tcp,other,S0,64.0,0,0,0,0,0,0,0,495,500,0.87,0.1,0.91,0.01,255,27,DoS
0.0,tcp,http,S0,64.0,0,3,0,0,0,0,0,385,264,0.9,0.18,0.98,0.07,255,156,DoS
0.0,icmp,private,S0,0.0,0,0,0,0,0,0,0,510,238,0.95,0.04,0.87,0.0,255,211,DoS
0.0,tcp,http,S0,64.0,0,3,0,0,0,0,0,448,470,0.77,0.1,0.99,0.01,255,97,DoS
0.0,tcp,other,REJ,512.0,0,0,0,0,0,0,0,415,175,0.9,0.18,0.94,0.08,255,148,DoS
0.0,tcp,private,S0,64.0,0,1,0,0,0,0,0,349,326,0.87,0.09,0.93,0.06,255,89,DoS
0.0,tcp,http,S0,64.0,0,0,0,0,0,0,0,479,166,0.81,0.1,0.9,0.05,255,80,DoS
0.0,tcp,http,REJ,1024.0,0,0,0,0,0,0,0,261,241,0.9,0.03,1.0,0.05,255,239,DoS
0.0,tcp,http,S0,0.0,0,0,0,0,0,0,0,271,188,0.99,0.11,0.85,0.02,255,235,DoS
0.0,tcp,other,S0,1024.0,0,0,0,0,0,0,0,223,471,0.76,0.13,0.86,0.0,255,59,DoS
0.81,tcp,other,SF,944.0,1442,0,0,0,0,0,0,32,8,0.0,0.0,0.84,0.11,90,73,Normal
0.0,tcp,http,S0,0.0,0,0,0,0,0,0,0,202,361,0.84,0.01,0.88,0.08,255,229,DoS
0.0,icmp,other,SF,1024.0,0,0,0,0,0,0,0,269,262,0.85,0.17,0.88,0.02,255,34,DoS
3.12,tcp,other,SF,817.0,11745,0,0,0,0,0,0,32,16,0.0,0.0,0.91,0.01,18,217,Normal
0.43,tcp,ftp,SF,49.0,7006,0,0,0,0,0,0,16,15,0.01,0.0,0.96,0.05,76,195,Normal
36.96,udp,other,SF,318.0,251,0,0,1,0,0,0,54,29,0.16,0.06,0.72,0.31,255,25,Botnet
0.0,udp,other,REJ,64.0,0,0,0,0,0,0,0,177,463,0.82,0.11,0.97,0.07,255,233,DoS
0.0,icmp,other,REJ,1024.0,0,3,0,0,0,0,0,174,473,0.99,0.07,0.96,0.04,255,134,DoS
0.0,udp,http,S0,64.0,0,1,0,0,0,0,0,365,284,0.76,0.17,0.94,0.04,255,141,DoS
0.0,udp,private,REJ,512.0,0,3,0,0,0,0,0,244,425,0.91,0.14,0.99,0.0,255,106,DoS
0.0,tcp,private,S0,1024.0,0,0,0,0,0,0,0,193,287,0.83,0.06,0.95,0.1,255,178,DoS
0.0,tcp,http,REJ,512.0,0,0,0,0,0,0,0,446,284,0.89,0.09,0.97,0.02,255,142,DoS
0.0,tcp,other,S0,512.0,0,0,0,0,0,0,0,235,435,0.85,0.04,1.0,0.03,255,253,DoS
0.0,udp,other,S0,64.0,0,0,0,0,0,0,0,447,337,0.83,0.17,0.95,0.05,255,201,DoS
0.0,tcp,private,S0,64.0,0,0,0,0,0,0,0,364,272,0.97,0.08,0.91,0.05,255,176,DoS
0.0,tcp,private,S0,512.0,0,0,0,0,0,0,0,187,338,0.94,0.05,0.93,0.07,255,235,DoS
0.0,tcp,other,S0,1024.0,0,0,0,0,0,0,0,505,191,0.95,0.16,0.89,0.02,255,43,DoS
38.13,tcp,other,SF,181.0,176,0,0,0,0,0,0,115,36,0.06,0.11,0.74,0.23,255,7,Botnet
2.53,tcp,ftp,REJ,297.0,488,0,0,3,5,1,0,39,16,0.11,0.34,0.89,0.09,49,55,BruteForce
0.0,udp,other,SF,64.0,0,0,0,0,0,0,0,164,197,0.77,0.19,0.95,0.08,255,12,DoS
0.0,tcp,private,S0,64.0,0,1,0,0,0,0,0,436,291,0.95,0.07,0.89,0.1,255,70,DoS
0.0,tcp,other,S0,0.0,0,0,0,0,0,0,0,410,469,0.92,0.14,0.97,0.01,255,51,DoS
0.0,udp,other,REJ,1024.0,0,0,0,0,0,0,0,255,489,0.95,0.1,0.89,0.05,255,157,DoS
0.31,tcp,ssh,SF,473.0,4003,0,0,0,0,0,0,33,12,0.0,0.11,0.83,0.1,20,230,Normal
9.28,tcp,smtp,REJ,653.0,571,0,0,3,2,0,0,93,63,0.17,0.09,0.94,0.02,60,36,BruteForce
0.0,tcp,other,S0,64.0,0,0,0,0,0,0,0,506,414,0.95,0.19,0.93,0.01,255,19,DoS
12.68,tcp,ssh,SF,771.0,1053,0,0,2,4,1,0,54,81,0.14,0.05,0.98,0.03,48,92,BruteForce
0.0,tcp,private,S0,512.0,0,0,0,0,0,0,0,291,246,0.98,0.02,0.9,0.01,255,138,DoS
0.0,udp,private,S0,64.0,0,0,0,0,0,0,0,419,308,0.98,0.11,0.86,0.08,255,92,DoS
0.0,tcp,other,S0,64.0,0,0,0,0,0,0,0,341,310,0.94,0.12,0.97,0.08,255,129,DoS
0.0,tcp,other,S0,64.0,0,1,0,0,0,0,0,222,469,0.82,0.19,0.88,0.06,255,140,DoS
0.0,tcp,other,S0,512.0,0,3,0,0,0,0,0,171,493,0.95,0.12,0.94,0.02,255,209,DoS
0.0,tcp,private,S0,1024.0,0,0,0,0,0,0,0,151,204,1.0,0.01,0.97,0.08,255,143,DoS
0.0,tcp,other,S0,512.0,0,0,0,0,0,0,0,345,426,0.78,0.05,0.9,0.01,255,72,DoS
0.37,tcp,smtp,SF,1044.0,873,0,0,0,0,0,0,5,7,0.0,0.08,0.91,0.12,21,235,Normal
0.0,icmp,private,REJ,0.0,0,3,0,0,0,0,0,188,200,0.79,0.18,0.91,0.09,255,160,DoS
0.47,tcp,ssh,REJ,60.0,0,0,0,0,0,0,0,92,6,0.7,0.82,0.08,0.79,241,4,PortScan
0.0,tcp,private,S0,64.0,0,0,0,0,0,0,0,312,162,0.77,0.14,0.89,0.1,255,170,DoS
0.0,tcp,other,REJ,512.0,0,0,0,0,0,0,0,192,257,0.75,0.2,0.93,0.03,255,157,DoS
0.0,icmp,http,REJ,1024.0,0,3,0,0,0,0,0,223,246,0.98,0.13,0.85,0.04,255,108,DoS
109.22,tcp,dns,S0,306.0,391,0,0,0,0,0,0,58,22,0.11,0.26,0.44,0.49,255,38,Botnet
0.0,udp,http,S0,1024.0,0,0,0,0,0,0,0,393,348,0.93,0.18,0.85,0.07,255,126,DoS
0.0,tcp,other,S0,1024.0,0,0,0,0,0,0,0,221,243,0.76,0.08,0.96,0.06,255,24,DoS
0.0,tcp,http,REJ,512.0,0,3,0,0,0,0,0,421,482,0.77,0.18,0.87,0.04,255,93,DoS
0.0,tcp,private,S0,0.0,0,0,0,0,0,0,0,364,377,0.91,0.15,0.96,0.01,255,150,DoS
2.68,tcp,http,S0,133.0,3826,0,0,0,0,0,0,20,23,0.0,0.0,0.94,0.02,75,235,Normal
0.0,tcp,other,S0,0.0,0,0,0,0,0,0,0,207,357,0.84,0.01,0.96,0.09,255,158,DoS
0.0,icmp,private,S0,1024.0,0,0,0,0,0,0,0,379,274,0.77,0.08,0.99,0.06,255,57,DoS
0.0,tcp,private,S0,0.0,0,3,0,0,0,0,0,401,200,0.99,0.03,0.93,0.02,255,98,DoS
0.0,tcp,private,S0,0.0,0,0,0,0,0,0,0,435,341,0.81,0.0,0.93,0.02,255,52,DoS
0.0,tcp,other,S0,512.0,0,0,0,0,0,0,0,377,460,0.86,0.19,0.95,0.01,255,74,DoS
0.0,tcp,other,S0,512.0,0,0,0,0,0,0,0,266,274,0.98,0.11,0.94,0.05,255,136,DoS
0.0,tcp,other,S0,512.0,0,3,0,0,0,0,0,201,298,0.84,0.08,0.93,0.01,255,83,DoS
0.61,tcp,other,S0,1884.0,958,0,0,0,0,0,0,9,13,0.0,0.08,0.83,0.02,86,78,Normal
0.0,tcp,http,S0,512.0,0,0,0,0,0,0,0,458,260,0.83,0.04,0.86,0.03,255,56,DoS
0.0,tcp,other,S0,0.0,0,0,0,0,0,0,0,358,402,0.98,0.06,0.99,0.04,255,136,DoS
0.0,tcp,http,REJ,0.0,0,1,0,0,0,0,0,314,228,0.88,0.15,0.98,0.06,255,62,DoS
0.0,tcp,other,S0,64.0,0,1,0,0,0,0,0,195,256,0.86,0.05,0.96,0.1,255,189,DoS
0.0,tcp,private,S0,512.0,0,1,0,0,0,0,0,449,343,0.91,0.11,0.91,0.09,255,160,DoS
0.0,tcp,other,S0,0.0,0,0,0,0,0,0,0,366,458,0.9,0.1,0.87,0.03,255,154,DoS
0.01,tcp,private,REJ,40.0,0,0,0,0,0,0,0,285,4,0.39,0.81,0.15,0.97,124,18,PortScan
0.0,tcp,private,REJ,1024.0,0,0,0,0,0,0,0,193,444,0.95,0.16,0.92,0.06,255,122,DoS
0.04,tcp,private,S0,0.0,0,0,0,0,0,0,0,119,9,0.32,0.67,0.17,0.9,217,4,PortScan
0.0,tcp,http,S0,512.0,0,0,0,0,0,0,0,461,502,0.77,0.11,0.85,0.01,255,53,DoS
0.0,tcp,other,S0,512.0,0,0,0,0,0,0,0,271,304,0.96,0.19,0.89,0.07,255,14,DoS
0.0,tcp,http,S0,64.0,0,3,0,0,0,0,0,371,308,0.84,0.09,0.87,0.01,255,189,DoS
0.0,udp,other,S0,512.0,0,0,0,0,0,0,0,150,428,0.8,0.05,0.93,0.04,255,233,DoS
0.0,tcp,http,S0,512.0,0,0,0,0,0,0,0,493,373,0.85,0.16,0.97,0.06,255,169,DoS
8.39,tcp,ssh,REJ,342.0,568,0,0,3,5,0,0,99,95,0.14,0.21,0.95,0.05,32,55,BruteForce
73.42,tcp,dns,SF,299.0,306,0,0,0,0,0,0,28,30,0.11,0.17,0.61,0.38,255,30,Botnet
0.0,udp,private,SF,0.0,0,0,0,0,0,0,0,255,256,0.93,0.04,0.86,0.03,255,156,DoS
0.0,tcp,other,REJ,64.0,0,0,0,0,0,0,0,366,181,0.96,0.05,0.92,0.04,255,172,DoS
0.0,tcp,private,S0,1024.0,0,1,0,0,0,0,0,204,488,0.92,0.1,0.88,0.08,255,221,DoS
0.0,icmp,private,S0,1024.0,0,0,0,0,0,0,0,170,184,0.77,0.19,0.93,0.04,255,223,DoS
0.0,tcp,http,S0,0.0,0,0,0,0,0,0,0,281,230,0.79,0.12,0.86,0.09,255,201,DoS
0.0,tcp,private,S0,,0,1,0,0,0,0,0,388,401,0.83,0.19,0.95,0.05,255,17,DoS
0.0,tcp,other,S0,1024.0,0,1,0,0,0,0,0,434,253,0.97,0.16,0.9,0.08,255,232,DoS
0.0,tcp,private,REJ,1024.0,0,0,0,0,0,0,0,230,309,0.96,0.15,0.98,0.1,255,174,DoS
0.0,tcp,private,REJ,64.0,0,0,0,0,0,0,0,445,156,0.98,0.14,0.95,0.07,255,64,DoS
0.0,tcp,private,S0,64.0,0,0,0,0,0,0,0,350,477,0.81,0.1,0.97,0.03,255,220,DoS
44.12,tcp,private,SF,356.0,92,0,0,1,0,0,0,149,32,0.23,0.24,0.48,0.22,255,16,Botnet
1.29,udp,dns,SF,199.0,2063,0,0,0,0,0,0,21,7,0.0,0.0,0.98,0.13,82,88,Normal
0.0,tcp,http,S0,0.0,0,0,0,0,0,0,0,462,310,0.86,0.09,0.94,0.06,255,158,DoS
0.0,tcp,private,S0,512.0,0,0,0,0,0,0,0,483,401,0.79,0.19,0.97,0.1,255,108,DoS
0.0,tcp,other,S0,64.0,0,0,0,0,0,0,0,482,273,0.79,0.05,0.87,0.05,255,70,DoS
0.0,tcp,private,S0,64.0,0,0,0,0,0,0,0,264,238,0.89,0.01,0.88,0.09,255,21,DoS
0.0,tcp,http,S0,64.0,0,0,0,0,0,0,0,271,444,0.94,0.12,0.94,0.09,255,190,DoS
0.0,tcp,other,S0,64.0,0,3,0,0,0,0,0,480,194,0.87,0.08,0.91,0.07,255,59,DoS
0.0,tcp,private,REJ,0.0,0,0,0,0,0,0,0,389,232,0.76,0.07,0.88,0.05,255,137,DoS
0.0,tcp,http,S0,64.0,0,0,0,0,0,0,0,437,335,0.75,0.14,1.0,0.06,255,170,DoS
3.57,icmp,other,SF,871.0,4803,0,0,0,0,0,0,21,26,0.01,0.03,0.98,0.02,94,144,Normal
0.0,tcp,private,SF,0.0,0,0,0,0,0,0,0,239,428,0.79,0.0,0.92,0.07,255,205,DoS
0.0,udp,other,S0,1024.0,0,0,0,0,0,0,0,200,358,0.87,0.12,0.86,0.0,255,82,DoS
0.0,tcp,private,S0,0.0,0,0,0,0,0,0,0,508,198,0.9,0.02,0.93,0.07,255,177,DoS
0.0,tcp,http,S0,64.0,0,0,0,0,0,0,0,260,230,0.85,0.07,0.93,0.07,255,139,DoS
0.0,tcp,other,S0,512.0,0,0,0,0,0,0,0,196,346,0.81,0.07,0.86,0.08,255,96,DoS
0.0,tcp,private,S0,1024.0,0,0,0,0,0,0,0,258,204,0.86,0.14,0.91,0.08,255,136,DoS
0.0,tcp,http,S0,512.0,0,0,0,0,0,0,0,349,308,0.92,0.18,0.87,0.01,255,235,DoS
0.0,tcp,private,S0,512.0,0,0,0,0,0,0,0,220,229,0.79,0.14,1.0,0.08,255,28,DoS
114.83,udp,other,SF,337.0,345,0,0,1,0,0,0,40,34,0.18,0.11,0.53,0.49,255,40,Botnet
0.0,tcp,other,S0,512.0,0,0,0,0,0,0,0,311,335,0.92,0.1,0.94,0.09,255,140,DoS
0.0,tcp,other,S0,64.0,0,3,0,0,0,0,0,258,496,0.85,0.11,0.91,0.06,255,151,DoS
2.48,tcp,ftp,SF,1769.0,5057,0,0,0,0,0,0,34,20,0.0,0.0,0.88,0.04,63,170,Normal
0.0,icmp,private,S0,0.0,0,3,0,0,0,0,0,216,331,0.88,0.13,0.97,0.07,255,72,DoS
0.0,udp,other,S0,1024.0,0,0,0,0,0,0,0,449,299,0.76,0.05,0.89,0.02,255,91,DoS
0.0,tcp,http,S0,64.0,0,0,0,0,0,0,0,463,380,0.77,0.01,0.92,0.09,255,103,DoS
0.0,tcp,other,REJ,512.0,0,0,0,0,0,0,0,408,421,0.82,0.04,0.91,0.05,255,233,DoS
0.0,tcp,other,S0,512.0,0,1,0,0,0,0,0,398,369,0.85,0.2,0.85,0.06,255,91,DoS
0.0,tcp,http,S0,64.0,0,0,0,0,0,0,0,430,456,0.91,0.17,0.89,0.09,255,197,DoS
5.61,tcp,ftp,REJ,281.0,366,0,0,3,5,0,0,56,70,0.08,0.21,0.86,0.02,120,59,BruteForce
0.0,tcp,other,S0,0.0,0,3,0,0,0,0,0,471,431,0.85,0.09,0.97,0.06,255,108,DoS
0.0,icmp,private,S0,0.0,0,1,0,0,0,0,0,170,279,0.86,0.04,1.0,0.09,255,149,DoS
61.42,tcp,dns,SF,187.0,391,0,0,2,0,0,0,143,39,0.16,0.11,0.67,0.49,255,35,Botnet
0.0,tcp,http,S0,0.0,0,0,0,0,0,0,0,339,374,0.87,0.05,0.88,0.01,255,91,DoS
0.0,tcp,private,S0,1024.0,0,0,0,0,0,0,0,490,479,0.77,0.11,0.86,0.07,255,194,DoS
105.4,tcp,other,SF,158.0,207,0,0,0,0,0,0,59,5,0.21,0.12,0.43,0.24,255,44,Botnet
0.0,tcp,http,REJ,64.0,0,1,0,0,0,0,0,363,444,0.97,0.05,0.99,0.05,255,196,DoS
0.0,tcp,other,REJ,1024.0,0,0,0,0,0,0,0,359,334,0.85,0.1,0.88,0.07,255,23,DoS
0.0,tcp,other,S0,512.0,0,0,0,0,0,0,0,248,302,0.82,0.14,0.9,0.03,255,28,DoS
0.0,icmp,http,S0,0.0,0,0,0,0,0,0,0,492,410,0.88,0.18,0.94,0.09,255,60,DoS
63.54,tcp,other,SF,363.0,336,0,0,0,0,0,0,94,32,0.27,0.2,0.49,0.52,255,22,Botnet
0.0,udp,other,S0,0.0,0,0,0,0,0,0,0,494,418,0.82,0.18,0.9,0.02,255,243,DoS
0.0,tcp,other,S0,64.0,0,0,0,0,0,0,0,443,433,0.96,0.03,0.93,0.05,255,80,DoS
0.0,icmp,other,S0,64.0,0,0,0,0,0,0,0,350,282,0.83,0.04,0.92,0.09,255,25,DoS
0.0,tcp,other,S0,1024.0,0,1,0,0,0,0,0,484,303,0.96,0.11,0.93,0.01,255,19,DoS
0.01,tcp,smtp,SF,2349.0,3764,0,0,0,0,0,0,20,16,0.0,0.0,0.91,0.01,43,175,Normal
0.0,udp,other,S0,64.0,0,3,0,0,0,0,0,508,212,0.9,0.13,0.99,0.06,255,131,DoS
1.44,tcp,ftp,REJ,196.0,5189,0,0,0,0,0,0,16,5,0.0,0.0,0.8,0.06,54,209,Normal
0.26,tcp,dns,SF,138.0,9107,0,0,0,0,0,0,4,19,0.0,0.01,0.91,0.12,79,160,Normal
0.0,tcp,other,S0,0.0,0,1,0,0,0,0,0,452,224,0.96,0.16,0.97,0.05,255,137,DoS
0.0,udp,private,REJ,0.0,0,0,0,0,0,0,0,155,422,0.83,0.07,0.94,0.04,255,48,DoS
0.0,tcp,other,S0,1024.0,0,3,0,0,0,0,0,483,343,0.97,0.18,0.96,0.1,255,89,DoS
0.0,tcp,other,S0,0.0,0,3,0,0,0,0,0,158,210,0.96,0.18,0.9,0.05,255,110,DoS
0.0,tcp,http,S0,0.0,0,0,0,0,0,0,0,421,461,0.82,0.11,0.93,0.0,255,152,DoS
0.13,tcp,ssh,REJ,0.0,0,0,0,0,0,0,0,160,8,0.25,0.96,0.07,0.75,155,10,PortScan
0.0,tcp,private,S0,64.0,0,0,0,0,0,0,0,207,180,0.8,0.16,0.9,0.05,255,111,DoS
0.0,tcp,private,S0,64.0,0,0,0,0,0,0,0,211,163,0.82,0.18,0.93,0.08,255,246,DoS
0.12,tcp,ftp,REJ,595.0,3278,0,0,0,0,0,0,13,5,0.0,0.0,0.9,0.12,15,94,Normal
62.27,tcp,other,SF,101.0,359,0,0,0,0,0,0,113,33,0.11,0.01,0.53,0.37,255,32,Botnet
0.0,tcp,private,S0,512.0,0,0,0,0,0,0,0,249,392,0.92,0.01,0.88,0.04,255,15,DoS
9.12,tcp,smtp,REJ,523.0,222,0,0,4,4,0,0,52,53,0.13,0.23,0.86,0.06,140,97,BruteForce
0.0,tcp,http,S0,512.0,0,1,0,0,0,0,0,511,362,0.8,0.07,0.9,0.03,255,225,DoS
0.0,tcp,other,S0,512.0,0,0,0,0,0,0,0,471,201,0.88,0.15,0.93,0.04,255,12,DoS
0.0,tcp,http,REJ,64.0,0,0,0,0,0,0,0,180,182,0.79,0.05,0.93,0.09,255,11,DoS
0.0,tcp,other,S0,512.0,0,0,0,0,0,0,0,317,254,0.94,0.15,1.0,0.02,255,149,DoS
5.11,tcp,smtp,REJ,406.0,968,0,0,5,3,0,0,57,60,0.01,0.01,0.99,0.01,131,44,BruteForce
0.0,tcp,private,S0,1024.0,0,3,0,0,0,0,0,169,262,0.81,0.01,1.0,0.05,255,34,DoS
0.0,tcp,other,S0,1024.0,0,0,0,0,0,0,0,348,277,0.77,0.1,0.89,0.06,255,180,DoS
0.0,tcp,http,REJ,512.0,0,0,0,0,0,0,0,284,379,0.97,0.12,0.98,0.07,255,172,DoS
0.0,tcp,other,S0,512.0,0,0,0,0,0,0,0,393,160,0.92,0.06,0.93,0.04,255,234,DoS
0.0,tcp,private,S0,64.0,0,0,0,0,0,0,0,297,348,0.85,0.09,0.99,0.07,255,247,DoS
0.0,udp,private,S0,512.0,0,3,0,0,0,0,0,158,295,0.87,0.18,0.93,0.04,255,45,DoS
0.0,udp,http,S0,64.0,0,0,0,0,0,0,0,419,321,0.82,0.08,0.96,0.02,255,18,DoS
0.0,icmp,http,REJ,1024.0,0,1,0,0,0,0,0,245,482,0.84,0.09,0.93,0.04,255,160,DoS
0.0,tcp,http,S0,64.0,0,0,0,0,0,0,0,489,453,0.94,0.13,0.89,0.01,255,118,DoS
0.0,tcp,private,S0,64.0,0,0,0,0,0,0,0,397,413,0.82,0.05,0.87,0.02,255,234,DoS
0.37,tcp,ftp,SF,293.0,4688,0,0,0,0,0,0,26,2,0.0,0.0,0.97,0.07,10,95,Normal
55.66,tcp,dns,SF,360.0,202,0,0,0,0,0,0,57,28,0.28,0.17,0.71,0.23,255,34,Botnet
0.0,tcp,http,S0,64.0,0,0,0,0,0,0,0,339,435,0.83,0.16,0.95,0.07,255,246,DoS
0.0,tcp,http,S0,512.0,0,0,0,0,0,0,0,240,267,0.91,0.13,0.99,0.09,255,28,DoS
9.27,tcp,ftp,SF,315.0,139,0,0,1,4,0,0,26,49,0.19,0.16,0.92,0.05,43,120,BruteForce
0.0,tcp,http,S0,0.0,0,0,0,0,0,0,0,448,473,0.86,0.0,0.91,0.04,255,61,DoS
0.0,tcp,other,S0,64.0,0,3,0,0,0,0,0,228,211,0.91,0.15,0.9,0.08,255,188,DoS
0.0,tcp,other,REJ,512.0,0,0,0,0,0,0,0,278,506,0.87,0.17,0.89,0.02,255,206,DoS
0.21,tcp,private,RSTO,0.0,0,0,0,0,0,0,0,171,4,0.28,0.69,0.14,0.98,193,10,PortScan
0.0,tcp,private,S0,512.0,0,0,0,0,0,0,0,450,458,0.75,0.01,0.9,0.0,255,172,DoS
0.0,icmp,http,S0,512.0,0,0,0,0,0,0,0,217,206,0.99,0.12,0.98,0.08,255,143,DoS
0.0,tcp,http,S0,0.0,0,0,0,0,0,0,0,173,392,0.92,0.2,0.85,0.07,255,69,DoS
0.0,tcp,private,SF,0.0,0,0,0,0,0,0,0,222,169,0.82,0.02,0.95,0.01,255,41,DoS
0.0,udp,other,S0,512.0,0,1,0,0,0,0,0,425,276,0.87,0.08,0.97,0.0,255,13,DoS
0.0,tcp,http,S0,64.0,0,0,0,0,0,0,0,252,508,0.81,0.19,0.89,0.03,255,161,DoS
0.0,tcp,http,REJ,0.0,0,0,0,0,0,0,0,498,212,0.87,0.04,0.93,0.05,255,110,DoS
0.0,tcp,private,S0,0.0,0,0,0,0,0,0,0,280,305,0.79,0.02,0.93,0.04,255,145,DoS
0.0,tcp,private,S0,0.0,0,0,0,0,0,0,0,423,420,0.94,0.07,0.98,0.09,255,149,DoS
0.0,tcp,private,SF,512.0,0,1,0,0,0,0,0,505,166,0.79,0.04,0.95,0.02,255,64,DoS
0.71,tcp,ftp,REJ,256.0,1311,0,0,0,0,0,0,12,7,0.0,0.0,0.96,0.05,86,205,Normal
0.0,icmp,private,S0,512.0,0,0,0,0,0,0,0,213,337,0.98,0.03,0.94,0.01,255,78,DoS
0.93,tcp,dns,SF,202.0,1222,0,0,0,0,0,0,29,24,0.0,0.0,0.96,0.11,37,173,Normal
10.74,tcp,ftp,SF,123.0,189,0,0,1,2,0,0,34,21,0.06,0.16,0.83,0.05,74,119,BruteForce
0.0,tcp,http,S0,1024.0,0,0,0,0,0,0,0,183,163,0.82,0.19,0.94,0.08,255,201,DoS
0.0,tcp,http,S0,64.0,0,0,0,0,0,0,0,392,401,0.76,0.04,0.96,0.02,255,105,DoS
0.0,tcp,other,S0,512.0,0,3,0,0,0,0,0,254,460,0.92,0.01,0.98,0.08,255,47,DoS
0.0,tcp,other,REJ,1024.0,0,1,0,0,0,0,0,453,404,0.8,0.04,0.86,0.03,255,124,DoS
0.0,tcp,http,S0,512.0,0,0,0,0,0,0,0,496,378,1.0,0.07,0.91,0.08,255,233,DoS
0.0,tcp,private,S0,64.0,0,1,0,0,0,0,0,305,262,0.95,0.05,0.88,0.08,255,189,DoS
0.0,tcp,private,S0,512.0,0,0,0,0,0,0,0,394,425,0.92,0.06,0.91,0.03,255,160,DoS
0.0,icmp,http,S0,64.0,0,0,0,0,0,0,0,319,363,0.87,0.0,0.93,0.04,255,111,DoS
0.0,tcp,http,REJ,64.0,0,0,0,0,0,0,0,350,365,0.97,0.16,0.9,0.06,255,181,DoS
0.0,tcp,private,S0,0.0,0,0,0,0,0,0,0,175,433,0.99,0.06,1.0,0.01,255,89,DoS
